fdc_id,name,serving_label,serving_grams
173944,Banana (Kela),medium banana,118
171688,Apple (Seb),medium apple,182
169910,Mango (Aam),cup pieces,165
169926,Papaya (Papita),cup pieces,145
169097,Orange (Santra),orange,131
174683,Grapes (Angoor),cup,151
167765,Watermelon (Tarbooz),cup diced,152
173044,Guava (Amrood),guava,55
169134,Pomegranate (Anaar),half cup arils,87
169124,Pineapple (Ananas),cup chunks,165
171726,Dates (Khajoor),date,7.1
168165,Raisins (Kishmish),tablespoon,9
169092,Muskmelon (Kharbooja),cup cubes,160
169086,Lychee (Litchi),lychee,9.6
167762,Strawberries,cup,144
168153,Kiwi,kiwi,69
171265,"Milk, whole / toned (3.25% fat)",glass (250 ml),257
171267,"Milk, 2% fat",glass (250 ml),257
170872,"Milk, 1% fat (double toned)",glass (250 ml),257
171269,"Milk, skimmed",glass (250 ml),258
171280,Buffalo milk (Bhains ka doodh),glass (250 ml),257
171284,"Curd / Dahi, plain (whole milk)",katori,150
170886,"Curd / Dahi, plain (low fat)",katori,150
173410,Butter (Makhan),teaspoon,5
173412,Ghee,teaspoon,4.3
171290,Cheese slice (processed),slice,21
173414,Cheddar cheese,cube (1 inch),17
170845,Mozzarella cheese,,0
172476,Tofu,half cup,124
172446,"Soy milk, unsweetened",glass (250 ml),256
171287,"Egg, whole (Anda)",egg,50
172183,Egg white,egg white,33
171077,"Chicken breast, raw (boneless, skinless)",,0
171477,"Chicken breast, cooked (roasted)",,0
175303,"Mutton / goat meat, raw",,0
175304,"Mutton / goat meat, cooked",,0
171971,"Prawns / shrimp, cooked",,0
171986,"Tuna, canned in water (drained)",can,165
169756,"Rice, white, raw (uncooked)",,0
169757,"Rice, white, cooked (plain)",cup,158
169703,"Brown rice, raw (uncooked)",,0
169704,"Brown rice, cooked",cup,202
168893,Whole wheat flour (Atta),,0
173904,"Oats, rolled (dry)",half cup,40
174288,Besan (gram flour),,0
168933,Sooji / Rava (semolina),,0
174924,"Bread, white",slice,25
172688,"Bread, brown / whole wheat",slice,28
172420,"Masoor / lentils, raw (dry)",tablespoon,12
172421,"Lentils, boiled (plain)",cup,198
174256,"Moong / green gram, raw (dry)",tablespoon,13
172436,"Toor / arhar (pigeon peas), raw (dry)",,0
173756,"Kabuli chana / chickpeas, raw (dry)",tablespoon,12.5
173757,"Chickpeas / chole, boiled (plain)",cup,164
173744,"Rajma / kidney beans, raw (dry)",tablespoon,12.2
175194,"Rajma / kidney beans, boiled (plain)",cup,177
174259,"Urad / black gram, raw (dry)",,0
172430,Peanuts (Moongphali),handful,30
172470,Peanut butter,tablespoon,16
170567,Almonds (Badam),almond,1.2
170162,Cashews (Kaju),cashew,1.6
170187,Walnuts (Akhrot),walnut half,2
170554,Chia seeds,tablespoon,12
169414,Flaxseed (Alsi),tablespoon,10.3
170169,"Coconut, fresh (Nariyal)",piece (2 inch),45
170174,Coconut water (Nariyal pani),coconut,206
170026,"Potato (Aloo), raw",medium potato,213
170440,"Potato (Aloo), boiled",medium potato,167
170000,"Onion (Pyaz), raw",medium onion,110
170457,"Tomato (Tamatar), raw",medium tomato,123
168409,"Cucumber (Kheera), raw",half cup slices,52
170393,"Carrot (Gajar), raw",medium carrot,61
168462,"Spinach (Palak), raw",cup,30
169986,"Cauliflower (Phool gobhi), raw",cup,107
170379,"Broccoli, raw",cup chopped,91
170419,"Green peas (Matar), raw",cup,145
169999,"Sweet corn (Bhutta), boiled",medium cob,103
168482,"Sweet potato (Shakarkandi), raw",,0
168484,"Sweet potato (Shakarkandi), boiled",medium sweet potato,151
169260,"Okra (Bhindi), raw",cup,100
169228,"Brinjal (Baingan), raw",cup cubes,82
169975,"Cabbage (Patta gobhi), raw",cup chopped,89
169961,"Green beans, raw",cup,100
168448,"Pumpkin (Kaddu), raw",cup cubes,116
169232,"Bottle gourd (Lauki), raw",half cup pieces,58
170427,"Capsicum (Shimla mirch), raw",medium capsicum,119
169251,"Mushrooms, raw",cup sliced,70
169145,"Beetroot (Chukandar), raw",beetroot,82
169276,"Radish (Mooli), raw",cup slices,116
167747,Lemon juice (Nimbu),lemon,48
171411,"Cooking oil (mustard, sunflower, groundnut, refined)",teaspoon,4.5
169655,Sugar (Cheeni),teaspoon,4.2
169640,Honey (Shahad),teaspoon,7
